MaSP,GiaBanPhuHop
SP01,21.91228439688875
SP02,16.986384196765474
SP03,26.999999999999986
SP04,35.00000000000001
SP05,22.999999999999993
SP06,25.561615540686866
SP07,24.99999999999999
SP08,17.000000000000007
SP09,17.422506691621642
SP10,16.000000000000007
SP11,16.999999999999996
SP12,14.000000000000012
SP13,22.000000000000014
SP14,18.000000000000004
SP15,20.000000000000007
SP16,21.000000000000007
SP17,20.000000000000018
SP18,24.999999999999993
