MaSP,Gia Ban Du Kien
SP01,21.999999999999993
SP02,17.0
SP03,24.999999999999993
SP04,20.999999999999993
SP05,24.999999999999993
SP06,22.0
SP07,22.999999999999996
SP08,12.000000000000004
SP09,14.000000000000002
SP10,12.0
SP11,15.0
SP12,13.0
SP13,17.0
SP14,19.0
SP15,17.0
SP16,19.0
SP17,17.0
SP18,20.999999999999996
