MaSP,GiaBanDuDoan
SP01,22.089689068621567
SP02,18.18107768975576
SP03,24.33943012044848
SP04,21.080027714451745
SP05,25.0638711054204
SP06,23.90630023915227
SP07,23.8083679177602
SP08,17.610526613642726
SP09,18.09211600574197
SP10,18.29929790942399
SP11,20.60262761925992
SP12,17.46058112161913
SP13,22.917326963731707
SP14,22.723793611512438
SP15,22.916820807037677
SP16,23.093186688516322
SP17,22.19971794166208
SP18,20.713846322858334
